question,answer
"How do I unlock a new character?","You can unlock new characters by opening reward boxes and completing missions."
"How do I save my progress?","Open the game menu and make sure cloud save is enabled."
"How can I earn more coins?","You can earn more coins by completing quests and winning matches."
"How do I level up faster?","Play daily missions and participate in special events to gain more XP."
"Can I play the game offline?","Some game modes are available offline, but online features require an internet connection."
"How do I change my character skin?","Go to the customization menu and select the skin you want to use."
"Why is the game lagging?","Try lowering the graphics settings or closing background applications."
"How do I join a multiplayer match?","Open the multiplayer tab and select a game mode to start matchmaking."
"How can I invite friends to my team?","Use the friends menu and send an invitation to your friends."
"How do I unlock achievements?","Achievements are unlocked by completing specific challenges in the game."
"How can I restore my purchases?","Go to settings and click on the restore purchases option."
"How do I report another player?","Open the player profile after the match and click the report button."
"Why can't I connect to the server?","Check your internet connection and verify if the servers are online."
"How do I upgrade my weapons?","Collect upgrade materials and visit the upgrade station in the game."
"Can I customize the controls?","Yes, you can customize the controls in the settings menu."
"How do I get free rewards?","Log in daily and complete weekly challenges to receive free rewards."
"How do I create a clan?","Reach level 10 and use the clan menu to create your own clan."
"How can I change the game language?","Open settings and select your preferred language."
"How do I unlock ranked mode?","You need to reach level 15 before ranked mode becomes available."
"Why did I lose my progress?","Make sure your account is linked to cloud storage or a social media account."
"How do I use voice chat?","Enable voice chat in the audio settings and connect a microphone."
"How can I get rare items?","Rare items can be obtained during special events or from premium boxes."
"How do I equip new items?","Open your inventory and select the item you want to equip."
"Can I transfer my account to another device?","Yes, log in with the same account on the new device."
"How do I complete daily challenges?","Check the challenges menu and complete the listed objectives."
"Why is my game crashing?","Update the game to the latest version and restart your device."
"How do I send gifts to friends?","Open the friends menu and choose the send gift option."
"How can I improve my rank?","Win ranked matches consistently and avoid leaving games early."
"How do I mute other players?","Open the scoreboard during the match and select the mute option."
"How do I contact game support?","Go to the help section in settings and submit a support ticket."